<?xml version="1.0" encoding="UTF-8"?>
<!DOCTYPE sqlMap
			PUBLIC "-//ibatis.apache.org//DTD SQL Map 2.0//EN"
			"http://ibatis.apache.org/dtd/sql-map-2.dtd">
			
<sqlMap namespace="board">

		
<select id="getBoardList" resultClass="kr.or.ddit.board.vo.BoardVO">
	SELECT  BOARD_NO boardNo
	      , BOARD_TITLE boardTitle
	      , BOARD_WRITER boardWriter
	      , TO_CHAR(BOARD_DATE, 'YYYY-MM-DD') boardDate
	      , BOARD_CONTENT boardContent
	  FROM TB_BOARD
</select>		

<insert id="boardInsert" parameterClass="kr.or.ddit.board.vo.BoardVO">
	INSERT INTO TB_BOARD 
	     VALUES (BOARD_SEQ.NEXTVAL, #boardTitle#, #boardWriter#, SYSDATE, #boardContent#)
</insert>

<select id="boardView" parameterClass="String" resultClass="kr.or.ddit.board.vo.BoardVO">
	SELECT  BOARD_NO boardNo
	      , BOARD_TITLE boardTitle
	      , BOARD_WRITER boardWriter
	      , TO_CHAR(BOARD_DATE, 'YYYY-MM-DD') boardDate
	      , BOARD_CONTENT boardContent
	  FROM TB_BOARD
	 WHERE BOARD_NO = #boardNo#
</select>
		
		
<update id="boardUpdate" parameterClass="kr.or.ddit.board.vo.BoardVO">
	UPDATE TB_BOARD
	   SET BOARD_TITLE = #boardTitle#
	      , BOARD_WRITER = #boardWriter#
	      , BOARD_DATE = SYSDATE
	      , BOARD_CONTENT = #boardContent#
	 WHERE BOARD_NO = #boardNo#
</update>		
		

<delete id="boardDelete" parameterClass="String">
	DELETE 
	  FROM TB_BOARD 
	 WHERE BOARD_NO = #boardNo#
</delete>		
		
		
		
		
		
		
		
		
		
		
		
		
		
			
</sqlMap>			